<?xml version="1.0" encoding="UTF-8"?>
<jcr:root xmlns:sling="http://sling.apache.org/jcr/sling/1.0" xmlns:jcr="http://www.jcp.org/jcr/1.0" xmlns:rep="internal"
    jcr:mixinTypes="[rep:AccessControllable]"
    jcr:primaryType="sling:OrderedFolder">
    <jcr:content/>
    <sprite.png/>
    <child-plan/>
    <health-plan/>
    <retirement-plan/>
    <saving-plan/>
    <term-insurance-plan/>
    <ulip-plan/>
    <brochure-links/>
    <brochure-pdf/>
    <prod-close.png/>
    <prod-close-over.png/>
    <qrops.png/>
    <Qrops-category-535X368.png/>
    <_x0032_-key-elements-of-savings-and-protection.png/>
    <Life-Insurance-Rich.jpg/>
    <brochures-upload/>
    <About-life-insuranceterm-life-insurance-matures.jpg/>
    <DesktopAccountDeletion.png/>
    <calenderBlue.png/>
    <accountDeleted.png/>
    <tryAgainAccDel.png/>
    <failedSVG.svg/>
    <sucessSVG.svg/>
    <_x0033_.png/>
    <_x0032_.png/>
    <_x0031_.png/>
</jcr:root>
