<?xml version="1.0" encoding="UTF-8"?>
<jcr:root xmlns:sling="http://sling.apache.org/jcr/sling/1.0" xmlns:jcr="http://www.jcp.org/jcr/1.0"
    jcr:primaryType="sling:OrderedFolder">
    <jcr:content/>
    <capital-shield/>
    <classic-assure-plus/>
    <hdfc-life-pragati/>
    <sampoorn-samridhi-plus/>
    <hdfc-life-sanchay/>
    <sanchay-par-advantage/>
    <sanchay-plus/>
    <super-income-plan/>
    <hdfc-life-uday/>
    <guaranteed-savings-plan/>
    <sanchay-fixed-maturity/>
    <Make-Your-Wealth-Inflation-Proof_-The-Right-Investment-Helps_343x233.jpg/>
    <Make-Your-Wealth-Inflation-Proof_-The-Right-Investment-Helps.png/>
    <Financial-Planning-Tips-for-Self-Employed-Individuals_343x233.jpg/>
    <Financial-Planning-Tips-for-Self-Employed-Individuals.png/>
    <All-You-Need-to-Know-About-Insurance-Types-Portability-and-Benefits_343x233.jpg/>
    <All-You-Need-to-Know-About-Insurance-Types-Portability-and-Benefits.png/>
    <Protect-Your-Childs-Future-on-Childrens-Day---Nov-2022---V01_343x233.jpg/>
    <Protect-Your-Childs-Future-on-Childrens-Day---Nov-2022---V01.png/>
    <Are-you-prepared-to-deal-with-a-cancer-diagnosis_343x233.jpg/>
    <Are-you-prepared-to-deal-with-a-cancer-diagnosis.png/>
    <Want-to-gift-your-parents-a-dream-holiday-Check-these-5-tips_343x233.jpg/>
    <Want-to-gift-your-parents-a-dream-holiday-Check-these-5-tips.png/>
    <How-to-Teach-Your-Child-About-Financial-Independence_343x233.jpg/>
    <How-to-Teach-Your-Child-About-Financial-Independence.png/>
    <_x0035_-ways-to-deal-with-burnouts_343x233.jpg/>
    <_x0035_-ways-to-deal-with-burnouts.png/>
    <How-to-Balance-career-parenting-and-family-like-a-pro_343x233.jpg/>
    <How-to-Balance-career-parenting-and-family-like-a-pro.png/>
    <_x0035_-ways-to-ensure-physical--mental-well-being-while-managing-your-career.png/>
    <_x0035_-ways-to-ensure-physical--mental-well-being-while-managing-your343x233.jpg/>
    <HDFC-0090_Liquidity_and_Its_Role_in_Financial_Planning.png/>
    <Diversification-vs-Concentration-001.jpg/>
    <HDFC-Tax-Savings-Strategies-for-Salary-above-Rs-30-lakh-in-India.jpg/>
    <hdfc-lessons-learned-from-the-men-in-our-lives.jpg/>
</jcr:root>
