<?xml version="1.0" encoding="UTF-8"?>
<jcr:root xmlns:sling="http://sling.apache.org/jcr/sling/1.0" xmlns:jcr="http://www.jcp.org/jcr/1.0" xmlns:rep="internal"
    jcr:mixinTypes="[rep:AccessControllable]"
    jcr:primaryType="sling:OrderedFolder">
    <jcr:content/>
    <asset.jpg/>
    <content-fragment/>
    <home/>
    <disclaimer-hdfc-cf/>
    <dummycontentfragmentdisclaimer/>
    <images/>
    <articles/>
    <pop-close.png/>
    <categories-banner.png/>
    <term-plan-image.jpg/>
    <illustration1.svg/>
    <calculate-bg.jpg/>
    <ad-banner.jpg/>
    <icons/>
    <products-sprite-icons.png/>
    <top-arrow.png/>
    <testimonials/>
    <riders/>
    <about-us/>
    <products-page/>
    <favicon.png/>
    <category-page/>
    <select-arrow.png/>
    <customer-services/>
    <knowledge-centre/>
    <HDFC_logo.svg/>
    <homepage/>
    <view-example-illustrations_v2/>
    <awards-content-fragment/>
    <group-plans/>
    <claims/>
    <noimage.png/>
    <customer-testimonials/>
    <_x0034_04page/>
    <terms-all-pdfs/>
    <contact-us/>
    <fund-performance/>
    <Customer-Assistance-Guide.pdf/>
    <Nach-mandate-information.png/>
    <financial-tools-calculators/>
    <amp/>
    <knowledge-center/>
    <link-arrow.png/>
    <insurance-profiler.png/>
    <Nach-mandate-information1.png/>
    <FATCA-onlineFAQS.pdf/>
    <counter-offer-image.png/>
    <accept-or-decline-counter-offer.png/>
    <futurance/>
    <whatsapp/>
    <life-insurance-plans/>
    <insurance-plans-for-defence-personnel/>
    <group-customer-service.png/>
    <credit-protect.png/>
    <Branch_GRO_Details_05042021.xlsx/>
    <select-red-arrow.png/>
    <footer/>
    <notice-corner/>
    <HDFC-Life-App50X50.png/>
    <cake.png/>
    <glossary/>
    <apps/>
    <video-thumbnails/>
    <socialFeeds/>
    <term-buying-guide/>
    <all-plans/>
    <branch-locator/>
    <_x0030_48580021-PAN-and-Aadhaar-Link-Banner-v2.jpg/>
    <dropmenuup.png/>
    <dropmenudown.png/>
    <whatsapp-PNG.png/>
    <digifc/>
    <loud_speaker.png/>
    <pwa/>
    <home_images/>
    <c2w/>
    <sanchay-plus/>
    <campaign/>
    <top.png/>
    <white.svg/>
    <red.svg/>
    <life-insurance-solutions/>
    <sprite.png/>
    <holiday-list/>
    <hosting-campaign/>
    <How-to-Choose-a-Term-Plan.png/>
    <Benefits-of-Buying-Term-Plan.png/>
    <loader.gif/>
    <hdfclogo.png/>
    <sitemap/>
    <lead-product-banner/>
    <update-your-pan-mailer-final-high-resolution.jpg/>
    <calculators/>
    <downarrow.png/>
    <uparrow.png/>
    <digifc-dam/>
    <stickybar/>
    <app-index/>
    <author-section/>
    <aggregator-logo-images/>
    <favicon.ico/>
    <archive-docs/>
    <podcast/>
    <HDFC-Life-Critical-Illness-Plus-Rider-Retail-Brochure.pdf/>
    <world-heart-day-banner.jpg/>
    <lite-landing/>
    <life-expectancy-at-birth.jpg/>
    <are-you-nri.jpg/>
    <Full-Name-New.jpg/>
    <calculated-premium.jpg/>
    <get-free-quote.jpg/>
    <enter-email.jpg/>
    <annual-income.jpg/>
    <date-of-birth.jpg/>
    <smoker.jpg/>
    <gender.jpg/>
    <mobile-number.jpg/>
    <nri/>
    <obituary/>
    <webstory/>
    <faq/>
    <campaign-brochure/>
    <listOfproctsNameandCode.json/>
    <banner-btn-arrow.png/>
    <banner-list-icon.png/>
    <cart-1.png/>
    <cart-2.png/>
    <cart-3.png/>
    <cart-4.png/>
    <group-1.png/>
    <group-2.png/>
    <group-3.png/>
    <group-4.png/>
    <group-5.png/>
    <group-6.png/>
    <group-7.png/>
    <group-8.png/>
    <group-icon-3.png/>
    <group-icon-4.png/>
    <group-icon-5.png/>
    <group-icon-6.png/>
    <group-icon-7.png/>
    <group-icon-8.png/>
    <next-arrow.png/>
    <prev-arrow.png/>
    <right-bull.png/>
    <seperator.png/>
    <view-less-icon.svg/>
    <view-more-icon.svg/>
    <group-icon-1.png/>
    <group-icon-2.png/>
    <invest-now-banner.png/>
    <term-header-right.png/>
    <fill-in-details.png/>
    <get-qoute.png/>
    <choose-your-plan.png/>
    <img-with-wallet.png/>
    <gropu-15.png/>
    <gropu-14.png/>
    <gropu-12.png/>
    <term-1.png/>
    <term-2.png/>
    <term-3.png/>
    <term-4.png/>
    <term-5.png/>
    <term-6.png/>
    <new-cost-of-delay-desktop.jpg/>
    <new-cost-of-delay-mobile.jpg/>
    <group-01.png/>
    <group-02.png/>
    <group-03.png/>
    <super-banner.png/>
    <can-smoker-buy.png/>
    <banner-btn-hover-arrow.png/>
    <mask-group-banner.png/>
    <Line-1.png/>
    <flip-book/>
    <term-top.png/>
    <get-a-call-back/>
    <HDFCLife25Yearslogo.png/>
    <disclaimer-content-fragment/>
    <pdf/>
</jcr:root>
